PGS_ID,PGS_date
PGS000019,4/5/17
PGS000349,9/10/20
PGS000329,4/7/20
PGS000746,11/10/20
PGS001314,3/24/22
PGS000058,9/27/18
PGS003356,12/6/22
PGS003866,11/1/23
PGS001315,3/24/22
PGS000748,11/10/20
PGS001316,3/24/22
PGS000962,3/24/22
PGS000899,4/12/21
PGS002244,4/13/22
PGS002809,10/13/22
PGS000710,1/18/21
PGS000749,11/10/20
PGS001780,2/23/22
PGS003438,12/28/22
PGS000057,2/21/17
PGS003725,7/6/23
PGS000798,5/9/19
PGS003446,8/1/22
PGS002778,12/2/22
PGS000337,10/5/20
PGS000747,11/10/20
PGS000059,10/1/18
PGS002776,12/2/22
PGS000818,6/3/21
PGS001048,3/24/22
PGS000010,3/4/15
PGS001839,1/6/22
PGS003726,7/6/23
PGS003727,7/6/23
PGS000296,8/1/20
PGS002262,2/23/22
PGS001355,1/12/21
PGS003355,12/6/22
PGS000018,10/1/18
PGS000013,8/13/18
PGS002048,1/6/22
PGS002775,12/2/22
PGS002777,12/2/22
PGS001317,3/24/22
PGS000012,9/21/16
PGS000200,4/18/13
PGS000011,9/20/15
PGS000116,2/1/20
PGS_LDP2Auto,7/25/24
PGS_prscsx,7/26/24